Date,AAPL,^SPX
2018-11-07,50.26904296875,2813.889892578125
2018-11-08,50.093650817871094,2806.830078125
2018-11-09,49.12777328491211,2781.010009765625
2018-11-12,46.65299606323242,2726.219970703125
2018-11-13,46.1868782043457,2722.179931640625
2018-11-14,44.88222885131836,2701.580078125
2018-11-15,45.98985290527344,2730.199951171875
2018-11-16,46.49923324584961,2736.27001953125
2018-11-19,44.65636444091797,2690.72998046875
2018-11-20,42.52277374267578,2641.889892578125
2018-11-21,42.47472381591797,2649.929931640625
2018-11-23,41.395912170410156,2632.56005859375
2018-11-26,41.955753326416016,2673.449951171875
2018-11-27,41.86443328857422,2682.169921875
2018-11-28,43.474246978759766,2743.7900390625
2018-11-29,43.140262603759766,2737.800048828125
2018-11-30,42.90720748901367,2760.169921875
2018-12-03,44.406494140625,2790.3701171875
2018-12-04,42.453102111816406,2700.06005859375
2018-12-06,41.97977066040039,2695.949951171875
2018-12-07,40.4828987121582,2633.080078125
2018-12-10,40.749595642089844,2637.719970703125
2018-12-11,40.516536712646484,2636.780029296875
2018-12-12,40.62946319580078,2651.070068359375
2018-12-13,41.07395553588867,2650.5400390625
2018-12-14,39.75968551635742,2599.949951171875
2018-12-17,39.38967514038086,2545.93994140625
2018-12-18,39.90144729614258,2546.159912109375
2018-12-19,38.656856536865234,2506.9599609375
2018-12-20,37.68135452270508,2467.419921875
2018-12-21,36.215721130371094,2416.6201171875
2018-12-24,35.27867126464844,2351.10009765625
2018-12-26,37.763057708740234,2467.699951171875
2018-12-27,37.51797866821289,2488.830078125
2018-12-28,37.53720474243164,2485.739990234375
2018-12-31,37.90001678466797,2506.85009765625
2019-01-02,37.94325637817383,2510.030029296875
2019-01-03,34.163822174072266,2447.889892578125
2019-01-04,35.62225341796875,2531.93994140625
2019-01-07,35.542972564697266,2549.68994140625
2019-01-08,36.22053146362305,2574.409912109375
2019-01-09,36.83561706542969,2584.9599609375
2019-01-10,36.953346252441406,2596.639892578125
2019-01-11,36.59054946899414,2596.260009765625
2019-01-14,36.04032516479492,2582.610107421875
2019-01-15,36.77794647216797,2610.300048828125
2019-01-16,37.22724914550781,2616.10009765625
2019-01-17,37.448299407958984,2635.9599609375
2019-01-18,37.67896270751953,2670.7099609375
2019-01-22,36.83321762084961,2632.89990234375
2019-01-23,36.982177734375,2638.699951171875
2019-01-24,36.68905258178711,2642.330078125
2019-01-25,37.904808044433594,2664.760009765625
2019-01-28,37.55401611328125,2643.85009765625
2019-01-29,37.16477966308594,2640.0
2019-01-30,39.70441436767578,2681.050048828125
2019-01-31,39.99033737182617,2704.10009765625
2019-02-01,40.00956726074219,2706.530029296875
2019-02-04,41.14603042602539,2724.8701171875
2019-02-05,41.85001754760742,2737.699951171875
2019-02-06,41.86443328857422,2731.610107421875
2019-02-07,41.071556091308594,2706.050048828125
2019-02-08,41.11981201171875,2707.8798828125
2019-02-11,40.88334274291992,2709.800048828125
2019-02-12,41.23563766479492,2744.72998046875
2019-02-13,41.064308166503906,2753.030029296875
2019-02-14,41.21392822265625,2745.72998046875
2019-02-15,41.12222671508789,2775.60009765625
2019-02-19,41.24528884887695,2779.760009765625
2019-02-20,41.510719299316406,2784.699951171875
2019-02-21,41.27666473388672,2774.8798828125
2019-02-22,41.737545013427734,2792.669921875
2019-02-25,42.04157257080078,2796.110107421875
2019-02-26,42.06570816040039,2793.89990234375
2019-02-27,42.19601058959961,2792.3798828125
2019-02-28,41.78097915649414,2784.489990234375
2019-03-01,42.22013473510742,2803.68994140625
2019-03-04,42.4324836730957,2792.81005859375
2019-03-05,42.35526657104492,2789.64990234375
2019-03-06,42.11155319213867,2771.449951171875
2019-03-07,41.62413787841797,2748.929931640625
2019-03-08,41.72306823730469,2743.070068359375
2019-03-11,43.1684455871582,2783.300048828125
2019-03-12,43.65345764160156,2791.52001953125
2019-03-13,43.84650421142578,2810.919921875
2019-03-14,44.33391571044922,2808.47998046875
2019-03-15,44.910621643066406,2822.47998046875
2019-03-18,45.36909484863281,2832.93994140625
2019-03-19,45.009559631347656,2832.570068359375
2019-03-20,45.40288543701172,2824.22998046875
2019-03-21,47.075069427490234,2854.8798828125
2019-03-22,46.10023498535156,2800.7099609375
2019-03-25,45.5428352355957,2798.360107421875
2019-03-26,45.07229232788086,2818.4599609375
2019-03-27,45.47768783569336,2805.3701171875
2019-03-28,45.53800582885742,2815.43994140625
2019-03-29,45.834808349609375,2834.39990234375
2019-04-01,46.14608383178711,2867.18994140625
2019-04-02,46.816890716552734,2867.239990234375
2019-04-03,47.137813568115234,2873.39990234375
2019-04-04,47.21986770629883,2879.389892578125
2019-04-05,47.53596878051758,2892.739990234375
2019-04-08,48.283992767333984,2895.77001953125
2019-04-09,48.13920974731445,2878.199951171875
2019-04-10,48.409461975097656,2888.2099609375
2019-04-11,48.006500244140625,2888.320068359375
2019-04-12,47.98719787597656,2907.409912109375
2019-04-15,48.07405471801758,2905.580078125
2019-04-16,48.07889175415039,2907.06005859375
2019-04-17,49.015132904052734,2900.449951171875
2019-04-18,49.191280364990234,2905.030029296875
2019-04-22,49.35295104980469,2907.969970703125
2019-04-23,50.06477737426758,2933.679931640625
2019-04-24,49.98756790161133,2927.25
2019-04-25,49.53391647338867,2926.169921875
2019-04-26,49.297447204589844,2939.8798828125
2019-04-29,49.372249603271484,2943.030029296875
2019-04-30,48.421531677246094,2945.830078125
2019-05-01,50.798336029052734,2923.72998046875
2019-05-02,50.46775436401367,2917.52001953125
2019-05-03,51.09513473510742,2945.639892578125
2019-05-06,50.30608367919922,2932.469970703125
2019-05-07,48.949974060058594,2884.050048828125
2019-05-08,48.95963668823242,2879.419921875
2019-05-09,48.433597564697266,2870.719970703125
2019-05-10,47.76262283325195,2881.39990234375
2019-05-13,44.9866943359375,2811.8701171875
2019-05-14,45.6988410949707,2834.409912109375
2019-05-15,46.24626541137695,2850.9599609375
2019-05-16,46.04280471801758,2876.320068359375
2019-05-17,45.78119659423828,2859.530029296875
2019-05-20,44.34962844848633,2840.22998046875
2019-05-21,45.199851989746094,2864.360107421875
2019-05-22,44.274532318115234,2856.27001953125
2019-05-23,43.51877975463867,2822.239990234375
2019-05-24,43.35163879394531,2826.06005859375
2019-05-28,43.172393798828125,2802.389892578125
2019-05-29,42.96649932861328,2783.02001953125
2019-05-30,43.189361572265625,2788.860107421875
2019-05-31,42.40694808959961,2752.06005859375
2019-06-03,41.978214263916016,2744.449951171875
2019-06-04,43.51393508911133,2803.27001953125
2019-06-05,44.216400146484375,2826.14990234375
2019-06-06,44.865570068359375,2843.489990234375
2019-06-07,46.059757232666016,2873.340087890625
2019-06-10,46.648380279541016,2886.72998046875
2019-06-11,47.18855285644531,2885.719970703125
2019-06-12,47.038360595703125,2879.840087890625
2019-06-13,47.02867126464844,2891.639892578125
2019-06-14,46.687129974365234,2886.97998046875
2019-06-17,46.9656867980957,2889.669921875
2019-06-18,48.070255279541016,2917.75
2019-06-19,47.92975997924805,2926.4599609375
2019-06-20,48.31490707397461,2954.179931640625
2019-06-21,48.15018844604492,2950.4599609375
2019-06-24,48.101741790771484,2945.35009765625
2019-06-25,47.37263870239258,2917.3798828125
2019-06-26,48.39726638793945,2913.780029296875
2019-06-27,48.38273239135742,2924.919921875
2019-06-28,47.9418830871582,2941.760009765625
2019-07-01,48.821163177490234,2964.330078125
2019-07-02,49.10699462890625,2973.010009765625
2019-07-03,49.51393508911133,2995.820068359375
2019-07-05,49.4703254699707,2990.409912109375
2019-07-08,48.4505500793457,2975.949951171875
2019-07-09,48.74608612060547,2979.6298828125
2019-07-10,49.22810363769531,2993.070068359375
2019-07-11,48.86961364746094,2999.909912109375
2019-07-12,49.24506759643555,3013.77001953125
2019-07-15,49.70772171020508,3014.300048828125
2019-07-16,49.535743713378906,3004.0400390625
2019-07-17,49.257179260253906,2984.419921875
2019-07-18,49.81672668457031,2995.110107421875
2019-07-19,49.073081970214844,2976.610107421875
2019-07-22,50.19460678100586,2985.030029296875
2019-07-23,50.58701705932617,3005.469970703125
2019-07-24,50.54582595825195,3019.56005859375
2019-07-25,50.14615249633789,3003.669921875
2019-07-26,50.320556640625,3025.860107421875
2019-07-29,50.79046630859375,3020.969970703125
2019-07-30,50.57247543334961,3013.179931640625
2019-07-31,51.604373931884766,2980.3798828125
2019-08-01,50.487701416015625,2953.56005859375
2019-08-02,49.41947555541992,2932.050048828125
2019-08-05,46.83246994018555,2844.739990234375
2019-08-06,47.719024658203125,2881.77001953125
2019-08-07,48.213172912597656,2883.97998046875
2019-08-08,49.276546478271484,2938.090087890625
2019-08-09,48.87050247192383,2918.64990234375
2019-08-12,48.74648666381836,2882.699951171875
2019-08-13,50.81081771850586,2926.320068359375
2019-08-14,49.29844284057617,2840.60009765625
2019-08-15,49.052860260009766,2847.60009765625
2019-08-16,50.210235595703125,2888.679931640625
2019-08-19,51.1463737487793,2923.64990234375
2019-08-20,51.148807525634766,2900.510009765625
2019-08-21,51.70317840576172,2924.429931640625
2019-08-22,51.65940475463867,2922.949951171875
2019-08-23,49.27169418334961,2847.110107421875
2019-08-26,50.20780944824219,2878.3798828125
2019-08-27,49.64128112792969,2869.159912109375
2019-08-28,49.97439193725586,2887.93994140625
2019-08-29,50.8205451965332,2924.580078125
2019-08-30,50.75490951538086,2926.4599609375
2019-09-03,50.01572799682617,2906.27001953125
2019-09-04,50.86430740356445,2937.780029296875
2019-09-05,51.858795166015625,2976.0
2019-09-06,51.85393524169922,2978.7099609375
2019-09-09,52.07520294189453,2978.429931640625
2019-09-10,52.69036102294922,2979.389892578125
2019-09-11,54.365657806396484,3000.929931640625
2019-09-12,54.244083404541016,3009.570068359375
2019-09-13,53.188812255859375,3007.389892578125
2019-09-16,53.468441009521484,2997.9599609375
2019-09-17,53.6629524230957,3005.699951171875
2019-09-18,54.166282653808594,3006.72998046875
2019-09-19,53.72617721557617,3006.7900390625
2019-09-20,52.94080352783203,2992.070068359375
2019-09-23,53.1815299987793,2991.780029296875
2019-09-24,52.92864990234375,2966.60009765625
2019-09-25,53.74319839477539,2984.8701171875
2019-09-26,53.466007232666016,2977.6201171875
2019-09-27,53.20583724975586,2961.7900390625
2019-09-30,54.45805358886719,2976.739990234375
2019-10-01,54.60880661010742,2940.25
2019-10-02,53.23987579345703,2887.610107421875
2019-10-03,53.692138671875,2910.6298828125
2019-10-04,55.19722366333008,2952.010009765625
2019-10-07,55.20938491821289,2938.7900390625
2019-10-08,54.56260299682617,2893.06005859375
2019-10-09,55.20209884643555,2919.39990234375
2019-10-10,55.94612121582031,2938.1298828125
2019-10-11,57.4341926574707,2970.27001953125
2019-10-14,57.351524353027344,2966.14990234375
2019-10-15,57.21780014038086,2995.679931640625
2019-10-16,56.9868049621582,2989.68994140625
2019-10-17,57.208072662353516,2997.949951171875
2019-10-18,57.48283767700195,2986.199951171875
2019-10-21,58.47974395751953,3006.719970703125
2019-10-22,58.34600067138672,2995.989990234375
2019-10-23,59.128944396972656,3004.52001953125
2019-10-24,59.22621154785156,3010.2900390625
2019-10-25,59.955657958984375,3022.550048828125
2019-10-28,60.55623245239258,3039.419921875
2019-10-29,59.15568923950195,3036.889892578125
2019-10-30,59.14839553833008,3046.77001953125
2019-10-31,60.485713958740234,3037.56005859375
2019-11-01,62.20234680175781,3066.909912109375
2019-11-04,62.61083221435547,3078.27001953125
2019-11-05,62.520870208740234,3074.6201171875
2019-11-06,62.5476188659668,3076.780029296875
2019-11-07,63.269500732421875,3085.179931640625
2019-11-08,63.442665100097656,3093.080078125
2019-11-11,63.945045471191406,3087.010009765625
2019-11-12,63.886512756347656,3091.840087890625
2019-11-13,64.4986572265625,3094.0400390625
2019-11-14,64.05233764648438,3096.6298828125
2019-11-15,64.81324768066406,3120.4599609375
2019-11-18,65.14004516601562,3122.030029296875
2019-11-19,64.94249725341797,3120.179931640625
2019-11-20,64.18647766113281,3108.4599609375
2019-11-21,63.898704528808594,3103.5400390625
2019-11-22,63.842628479003906,3110.2900390625
2019-11-25,64.96202087402344,3133.639892578125
2019-11-26,64.45474243164062,3140.52001953125
2019-11-27,65.32051086425781,3153.6298828125
2019-11-29,65.17664337158203,3140.97998046875
2019-12-02,64.42304992675781,3113.8701171875
2019-12-03,63.274375915527344,3093.199951171875
2019-12-04,63.83285903930664,3112.760009765625
2019-12-05,64.76934051513672,3117.429931640625
2019-12-06,66.02044677734375,3145.909912109375
2019-12-09,65.09616088867188,3135.9599609375
2019-12-10,65.47660064697266,3132.52001953125
2019-12-11,66.03508758544922,3141.6298828125
2019-12-12,66.20335388183594,3168.570068359375
2019-12-13,67.10325622558594,3168.800048828125
2019-12-16,68.251953125,3191.449951171875
2019-12-17,68.38607788085938,3192.52001953125
2019-12-18,68.22268676757812,3191.139892578125
2019-12-19,68.29096984863281,3205.3701171875
2019-12-20,68.1495132446289,3221.219970703125
2019-12-23,69.26160430908203,3224.010009765625
2019-12-24,69.32743072509766,3223.3798828125
2019-12-26,70.70293426513672,3239.909912109375
2019-12-27,70.67610168457031,3240.02001953125
2019-12-30,71.09557342529297,3221.2900390625
2019-12-31,71.61502838134766,3230.780029296875
2020-01-02,73.24903106689453,3257.85009765625
2020-01-03,72.53690338134766,3234.85009765625
2020-01-06,73.11488342285156,3246.280029296875
2020-01-07,72.7710189819336,3237.179931640625
2020-01-08,73.9416275024414,3253.050048828125
2020-01-09,75.51221466064453,3274.699951171875
2020-01-10,75.68292236328125,3265.35009765625
2020-01-13,77.29983520507812,3288.1298828125
2020-01-14,76.25605773925781,3283.14990234375
2020-01-15,75.92926788330078,3289.2900390625
2020-01-16,76.88037872314453,3316.81005859375
2020-01-17,77.73152160644531,3329.6201171875
2020-01-21,77.2047348022461,3320.7900390625
2020-01-22,77.4803237915039,3321.75
2020-01-23,77.85346984863281,3325.5400390625
2020-01-24,77.62909698486328,3295.469970703125
2020-01-27,75.34638214111328,3243.6298828125
2020-01-28,77.4778823852539,3276.239990234375
2020-01-29,79.09968566894531,3273.39990234375
2020-01-30,78.98505401611328,3283.659912109375
2020-01-31,75.48296356201172,3225.52001953125
2020-02-03,75.2756576538086,3248.919921875
2020-02-04,77.76077270507812,3297.590087890625
2020-02-05,78.3948745727539,3334.68994140625
2020-02-06,79.31185913085938,3345.780029296875
2020-02-07,78.2337875366211,3327.7099609375
2020-02-10,78.60537719726562,3352.090087890625
2020-02-11,78.13111114501953,3357.75
2020-02-12,79.9865493774414,3379.449951171875
2020-02-13,79.4169692993164,3373.93994140625
2020-02-14,79.43653106689453,3380.159912109375
2020-02-18,77.98199462890625,3370.2900390625
2020-02-19,79.11141204833984,3386.14990234375
2020-02-20,78.29979705810547,3373.22998046875
2020-02-21,76.5274658203125,3337.75
2020-02-24,72.89237976074219,3225.889892578125
2020-02-25,70.42335510253906,3128.2099609375
2020-02-26,71.54052734375,3116.389892578125
2020-02-27,66.86405181884766,2978.760009765625
2020-02-28,66.82494354248047,2954.219970703125
2020-03-02,73.04639434814453,3090.22998046875
2020-03-03,70.72649383544922,3003.3701171875
2020-03-04,74.0071029663086,3130.1201171875
2020-03-05,71.60655212402344,3023.93994140625
2020-03-06,70.65560913085938,2972.3701171875
2020-03-09,65.06729888916016,2746.56005859375
2020-03-10,69.75355529785156,2882.22998046875
2020-03-11,67.33097076416016,2741.3798828125
2020-03-12,60.681724548339844,2480.639892578125
2020-03-13,67.95188903808594,2711.02001953125
2020-03-16,59.21010208129883,2386.1298828125
2020-03-17,61.81356430053711,2529.18994140625
2020-03-18,60.30036926269531,2398.10009765625
2020-03-19,59.83835220336914,2409.389892578125
2020-03-20,56.03947830200195,2304.919921875
2020-03-23,54.84896469116211,2237.39990234375
2020-03-24,60.351715087890625,2447.330078125
2020-03-25,60.01924133300781,2475.56005859375
2020-03-26,63.17764663696289,2630.070068359375
2020-03-27,60.561954498291016,2541.469970703125
2020-03-30,62.29025650024414,2626.64990234375
2020-03-31,62.163143157958984,2584.590087890625
2020-04-01,58.892303466796875,2470.5
2020-04-02,59.87501907348633,2526.89990234375
2020-04-03,59.014530181884766,2488.64990234375
2020-04-06,64.16281127929688,2663.679931640625
2020-04-07,63.41965866088867,2659.409912109375
2020-04-08,65.0428466796875,2749.97998046875
2020-04-09,65.51220703125,2789.820068359375
2020-04-13,66.79804992675781,2761.6298828125
2020-04-14,70.17157745361328,2846.06005859375
2020-04-15,69.53109741210938,2783.360107421875
2020-04-16,70.08355712890625,2799.550048828125
2020-04-17,69.13263702392578,2874.56005859375
2020-04-20,67.69766998291016,2823.159912109375
2020-04-21,65.6051025390625,2736.56005859375
2020-04-22,67.49476623535156,2799.31005859375
2020-04-23,67.23319244384766,2797.800048828125
2020-04-24,69.1741943359375,2836.739990234375
2020-04-27,69.22306823730469,2878.47998046875
2020-04-28,68.10102081298828,2863.389892578125
2020-04-29,70.33782196044922,2939.510009765625
2020-04-30,71.82167053222656,2912.429931640625
2020-05-01,70.66537475585938,2830.7099609375
2020-05-04,71.66522216796875,2842.739990234375
2020-05-05,72.74081420898438,2868.43994140625
2020-05-06,73.4913101196289,2848.419921875
2020-05-07,74.2515640258789,2881.18994140625
2020-05-08,76.01887512207031,2929.800048828125
2020-05-11,77.21508026123047,2930.18994140625
2020-05-12,76.3326416015625,2870.1201171875
2020-05-13,75.4109878540039,2820.0
2020-05-14,75.87427520751953,2852.5
2020-05-15,75.42568969726562,2863.699951171875
2020-05-18,77.20280456542969,2953.909912109375
2020-05-19,76.75669860839844,2922.93994140625
2020-05-20,78.24948120117188,2971.610107421875
2020-05-21,77.66609954833984,2948.510009765625
2020-05-22,78.16614532470703,2955.449951171875
2020-05-26,77.63668060302734,2991.77001953125
2020-05-27,77.97492980957031,3036.1298828125
2020-05-28,78.0092544555664,3029.72998046875
2020-05-29,77.93326568603516,3044.31005859375
2020-06-01,78.89168548583984,3055.72998046875
2020-06-02,79.25689697265625,3080.820068359375
2020-06-03,79.69322967529297,3122.8701171875
2020-06-04,79.00689697265625,3112.35009765625
2020-06-05,81.25708770751953,3193.929931640625
2020-06-08,81.7375259399414,3232.389892578125
2020-06-09,84.31864166259766,3207.179931640625
2020-06-10,86.4879379272461,3190.139892578125
2020-06-11,82.33561706542969,3002.10009765625
2020-06-12,83.04645538330078,3041.31005859375
2020-06-15,84.07351684570312,3066.590087890625
2020-06-16,86.3016357421875,3124.739990234375
2020-06-17,86.18153381347656,3113.489990234375
2020-06-18,86.21585083007812,3115.340087890625
2020-06-19,85.7231674194336,3097.739990234375
2020-06-22,87.96601104736328,3117.860107421875
2020-06-23,89.8436279296875,3131.2900390625
2020-06-24,88.2576904296875,3050.330078125
2020-06-25,89.42936706542969,3083.760009765625
2020-06-26,86.68157958984375,3009.050048828125
2020-06-29,88.6793212890625,3053.239990234375
2020-06-30,89.4195556640625,3100.2900390625
2020-07-01,89.25042724609375,3115.860107421875
2020-07-02,89.25042724609375,3130.010009765625
2020-07-06,91.63790130615234,3179.719970703125
2020-07-07,91.35355377197266,3145.320068359375
2020-07-08,93.48118591308594,3169.93994140625
2020-07-09,93.88318634033203,3152.050048828125
2020-07-10,94.04741668701172,3185.0400390625
2020-07-13,93.61357116699219,3155.219970703125
2020-07-14,95.16270446777344,3197.52001953125
2020-07-15,95.81717681884766,3226.56005859375
2020-07-16,94.6381607055664,3215.570068359375
2020-07-17,94.44696807861328,3224.72998046875
2020-07-20,96.43731689453125,3251.840087890625
2020-07-21,95.10633850097656,3257.300048828125
2020-07-22,95.37351989746094,3276.02001953125
2020-07-23,91.03245544433594,3235.659912109375
2020-07-24,90.80693817138672,3215.6298828125
2020-07-27,92.95909118652344,3239.409912109375
2020-07-28,91.43199157714844,3218.43994140625
2020-07-29,93.18458557128906,3258.43994140625
2020-07-30,94.31214141845703,3246.219970703125
2020-07-31,104.185546875,3271.1201171875
2020-08-03,106.81078338623047,3294.610107421875
2020-08-04,107.52409362792969,3306.510009765625
2020-08-05,107.913818359375,3327.77001953125
2020-08-06,111.67887115478516,3349.159912109375
2020-08-07,109.1397476196289,3351.280029296875
2020-08-10,110.72608947753906,3360.469970703125
2020-08-11,107.43309020996094,3333.68994140625
2020-08-12,111.00355529785156,3380.35009765625
2020-08-13,112.96804809570312,3373.429931640625
2020-08-14,112.86737823486328,3372.85009765625
2020-08-17,112.57269287109375,3381.989990234375
2020-08-18,113.5107421875,3389.780029296875
2020-08-19,113.65318298339844,3374.85009765625
2020-08-20,116.17508697509766,3385.510009765625
2020-08-21,122.16188049316406,3397.159912109375
2020-08-24,123.62297058105469,3431.280029296875
2020-08-25,122.6087875366211,3443.6201171875
2020-08-26,124.27616119384766,3478.72998046875
2020-08-27,122.79051208496094,3484.550048828125
2020-08-28,122.59161376953125,3508.010009765625
2020-08-31,126.74897003173828,3500.31005859375
2020-09-01,131.79769897460938,3526.64990234375
2020-09-02,129.0670623779297,3580.840087890625
2020-09-03,118.73383331298828,3455.06005859375
2020-09-04,118.81242370605469,3426.9599609375
2020-09-08,110.81694030761719,3331.840087890625
2020-09-09,115.23704528808594,3398.9599609375
2020-09-10,111.47503662109375,3339.18994140625
2020-09-11,110.0114974975586,3340.969970703125
2020-09-14,113.31184387207031,3383.5400390625
2020-09-15,113.4886474609375,3401.199951171875
2020-09-16,110.1391830444336,3385.489990234375
2020-09-17,108.38096618652344,3357.010009765625
2020-09-18,104.94309997558594,3319.469970703125
2020-09-21,108.1255874633789,3281.06005859375
2020-09-22,109.82487487792969,3315.570068359375
2020-09-23,105.2181396484375,3236.919921875
2020-09-24,106.2986068725586,3246.590087890625
2020-09-25,110.28653717041016,3298.4599609375
2020-09-28,112.91895294189453,3351.60009765625
2020-09-29,112.06438446044922,3335.469970703125
2020-09-30,113.75386047363281,3363.0
2020-10-01,114.71644592285156,3380.800048828125
2020-10-02,111.01338195800781,3348.419921875
2020-10-05,114.43159484863281,3408.60009765625
2020-10-06,111.1509017944336,3360.969970703125
2020-10-07,113.03681945800781,3419.43994140625
2020-10-08,112.92878723144531,3446.830078125
2020-10-09,114.89325714111328,3477.139892578125
2020-10-12,122.19133758544922,3534.219970703125
2020-10-13,118.94994354248047,3511.929931640625
2020-10-14,119.03833770751953,3488.669921875
2020-10-15,118.56685638427734,3483.340087890625
2020-10-16,116.90685272216797,3483.81005859375
2020-10-19,113.92083740234375,3426.919921875
2020-10-20,115.42367553710938,3443.1201171875
2020-10-21,114.79503631591797,3435.56005859375
2020-10-22,113.69490814208984,3453.489990234375
2020-10-23,112.99752807617188,3465.389892578125
2020-10-26,113.00735473632812,3400.969970703125
2020-10-27,114.52982330322266,3390.679931640625
2020-10-28,109.2257080078125,3271.030029296875
2020-10-29,113.27254486083984,3310.110107421875
2020-10-30,106.92725372314453,3269.9599609375
2020-11-02,106.8388442993164,3310.239990234375
2020-11-03,108.47920227050781,3369.159912109375
2020-11-04,112.90911102294922,3443.43994140625
2020-11-05,116.91667938232422,3510.449951171875
2020-11-06,116.78384399414062,3509.43994140625
2020-11-09,114.45191192626953,3550.5
2020-11-10,114.10753631591797,3545.530029296875
2020-11-11,117.57099151611328,3572.659912109375
2020-11-12,117.29550170898438,3537.010009765625
2020-11-13,117.3447036743164,3585.14990234375
2020-11-16,118.36800384521484,3626.909912109375
2020-11-17,117.47260284423828,3609.530029296875
2020-11-18,116.13444519042969,3567.7900390625
2020-11-19,116.73464965820312,3581.8701171875
2020-11-20,115.4555435180664,3557.5400390625
2020-11-23,112.02157592773438,3577.590087890625
2020-11-24,113.32038116455078,3635.409912109375
2020-11-25,114.16658020019531,3629.64990234375
2020-11-27,114.71756744384766,3638.35009765625
2020-11-30,117.13806915283203,3621.6298828125
2020-12-01,120.74913024902344,3662.449951171875
2020-12-02,121.10334014892578,3669.010009765625
2020-12-03,120.96559143066406,3666.719970703125
2020-12-04,120.28668212890625,3699.1201171875
2020-12-07,121.7625961303711,3691.9599609375
2020-12-08,122.38246154785156,3702.25
2020-12-09,119.82422637939453,3672.820068359375
2020-12-10,121.26077270507812,3668.10009765625
2020-12-11,120.44410705566406,3663.4599609375
2020-12-14,119.82422637939453,3647.489990234375
2020-12-15,125.82625579833984,3694.6201171875
2020-12-16,125.75737762451172,3701.169921875
2020-12-17,126.63309478759766,3722.47998046875
2020-12-18,124.62586212158203,3709.409912109375
2020-12-21,126.17063903808594,3694.919921875
2020-12-22,129.7620391845703,3687.260009765625
2020-12-23,128.8568115234375,3690.010009765625
2020-12-24,129.85055541992188,3703.06005859375
2020-12-28,134.49476623535156,3735.360107421875
2020-12-29,132.70401000976562,3727.0400390625
2020-12-30,131.5724639892578,3732.0400390625
2020-12-31,130.5590362548828,3756.070068359375
2021-01-04,127.33169555664062,3700.64990234375
2021-01-05,128.90599060058594,3726.860107421875
2021-01-06,124.56682586669922,3748.139892578125
2021-01-07,128.81744384765625,3803.7900390625
2021-01-08,129.92930603027344,3824.679931640625
2021-01-11,126.90860748291016,3799.610107421875
2021-01-12,126.73149108886719,3801.18994140625
2021-01-13,128.78793334960938,3809.840087890625
2021-01-14,126.8397216796875,3795.5400390625
2021-01-15,125.09813690185547,3768.25
2021-01-19,125.77706146240234,3798.909912109375
2021-01-20,129.90960693359375,3851.85009765625
2021-01-21,134.67185974121094,3853.070068359375
2021-01-22,136.83653259277344,3841.469970703125
2021-01-25,140.62474060058594,3855.360107421875
2021-01-26,140.86085510253906,3849.6201171875
2021-01-27,139.77854919433594,3750.77001953125
2021-01-28,134.88833618164062,3787.3798828125
2021-01-29,129.84072875976562,3714.239990234375
2021-02-01,131.9857177734375,3773.860107421875
2021-02-02,132.8220672607422,3826.31005859375
2021-02-03,131.78895568847656,3830.169921875
2021-02-04,135.18353271484375,3871.739990234375
2021-02-05,134.7647247314453,3886.830078125
2021-02-08,134.91253662109375,3915.590087890625
2021-02-09,134.02566528320312,3911.22998046875
2021-02-10,133.4147186279297,3909.8798828125
2021-02-11,133.15850830078125,3916.3798828125
2021-02-12,133.39500427246094,3934.830078125
2021-02-16,131.246826171875,3932.590087890625
2021-02-17,128.9311065673828,3931.330078125
2021-02-18,127.81759643554688,3913.969970703125
2021-02-19,127.97526550292969,3906.7099609375
2021-02-22,124.16171264648438,3876.5
2021-02-23,124.02376556396484,3881.3701171875
2021-02-24,123.52119445800781,3925.429931640625
2021-02-25,119.22480010986328,3829.340087890625
2021-02-26,119.4908676147461,3811.14990234375
2021-03-01,125.92561340332031,3901.820068359375
2021-03-02,123.2945556640625,3870.2900390625
2021-03-03,120.27918243408203,3819.719970703125
2021-03-04,118.37736511230469,3768.469970703125
2021-03-05,119.64854431152344,3841.93994140625
2021-03-08,114.66236877441406,3821.35009765625
2021-03-09,119.3233413696289,3875.43994140625
2021-03-10,118.22955322265625,3898.81005859375
2021-03-11,120.1806640625,3939.340087890625
2021-03-12,119.26422119140625,3943.340087890625
2021-03-15,122.1810302734375,3968.93994140625
2021-03-16,123.73799896240234,3962.7099609375
2021-03-17,122.93981170654297,3974.1201171875
2021-03-18,118.77153015136719,3915.4599609375
2021-03-19,118.23941040039062,3913.10009765625
2021-03-22,121.58979034423828,3940.590087890625
2021-03-23,120.75218963623047,3910.52001953125
2021-03-24,118.33793640136719,3889.139892578125
2021-03-25,118.83065032958984,3909.52001953125
2021-03-26,119.44161224365234,3974.5400390625
2021-03-29,119.61897277832031,3971.090087890625
2021-03-30,118.15071105957031,3958.550048828125
2021-03-31,120.36788940429688,3972.889892578125
2021-04-01,121.20547485351562,4019.8701171875
2021-04-05,124.06317138671875,4077.909912109375
2021-04-06,124.36865997314453,4073.93994140625
2021-04-07,126.03399658203125,4079.949951171875
2021-04-08,128.45811462402344,4097.169921875
2021-04-09,131.05960083007812,4128.7998046875
2021-04-12,129.3252716064453,4127.990234375
2021-04-13,132.46871948242188,4141.58984375
2021-04-14,130.10372924804688,4124.66015625
2021-04-15,132.53768920898438,4170.419921875
2021-04-16,132.20266723632812,4185.47021484375
2021-04-19,132.8727264404297,4163.259765625
2021-04-20,131.16798400878906,4134.93994140625
2021-04-21,131.5522918701172,4173.419921875
2021-04-22,130.01504516601562,4134.97998046875
2021-04-23,132.36033630371094,4180.169921875
2021-04-26,132.75448608398438,4187.6201171875
2021-04-27,132.42930603027344,4186.72021484375
2021-04-28,131.63111877441406,4183.18017578125
2021-04-29,131.53256225585938,4211.47021484375
2021-04-30,129.54205322265625,4181.169921875
2021-05-03,130.60629272460938,4192.66015625
2021-05-04,125.98472595214844,4164.66015625
2021-05-05,126.23109436035156,4167.58984375
2021-05-06,127.84716796875,4201.6201171875
2021-05-07,128.52825927734375,4232.60009765625
2021-05-10,125.21163177490234,4188.43017578125
2021-05-11,124.28376770019531,4152.10009765625
2021-05-12,121.18433380126953,4063.0400390625
2021-05-13,123.35591125488281,4112.5
2021-05-14,125.80387878417969,4173.85009765625
2021-05-17,124.63912963867188,4163.2900390625
2021-05-18,123.23747253417969,4127.830078125
2021-05-19,123.07952880859375,4115.68017578125
2021-05-20,125.66568756103516,4159.1201171875
2021-05-21,123.80998229980469,4155.85986328125
2021-05-24,125.4583969116211,4197.0498046875
2021-05-25,125.260986328125,4188.1298828125
2021-05-26,125.21163177490234,4195.990234375
2021-05-27,123.66191864013672,4200.8798828125
2021-05-28,123.00055694580078,4204.10986328125
2021-06-01,122.67481994628906,4202.0400390625
2021-06-02,123.44475555419922,4208.1201171875
2021-06-03,121.94438171386719,4192.85009765625
2021-06-04,124.2640380859375,4229.89013671875
2021-06-07,124.2739028930664,4226.52001953125
2021-06-08,125.10304260253906,4227.259765625
2021-06-09,125.4880142211914,4219.5498046875
2021-06-10,124.48118591308594,4239.18017578125
2021-06-11,125.70516967773438,4247.43994140625
2021-06-14,128.7947540283203,4255.14990234375
2021-06-15,127.96562194824219,4246.58984375
2021-06-16,128.46900939941406,4223.7001953125
2021-06-17,130.08782958984375,4221.85986328125
2021-06-18,128.77500915527344,4166.4501953125
2021-06-21,130.5912628173828,4224.7900390625
2021-06-22,132.24952697753906,4246.43994140625
2021-06-23,131.97315979003906,4241.83984375
2021-06-24,131.68690490722656,4266.490234375
2021-06-25,131.39077758789062,4280.7001953125
2021-06-28,133.03919982910156,4290.60986328125
2021-06-29,134.56918334960938,4291.7998046875
2021-06-30,135.19105529785156,4297.5
2021-07-01,135.4970245361328,4319.93994140625
2021-07-02,138.15232849121094,4352.33984375
2021-07-06,140.18572998046875,4343.5400390625
2021-07-07,142.70278930664062,4358.1298828125
2021-07-08,141.3899688720703,4320.81982421875
2021-07-09,143.2357940673828,4369.5498046875
2021-07-12,142.63368225097656,4384.6298828125
2021-07-13,143.75894165039062,4369.2099609375
2021-07-14,147.22361755371094,4374.2998046875
2021-07-15,146.562255859375,4360.02978515625
2021-07-16,144.49923706054688,4327.16015625
2021-07-19,140.6101531982422,4258.490234375
2021-07-20,144.26234436035156,4323.06005859375
2021-07-21,143.5220489501953,4358.68994140625
2021-07-22,144.90394592285156,4367.47998046875
2021-07-23,146.64120483398438,4411.7900390625
2021-07-26,147.06568908691406,4422.2998046875
2021-07-27,144.8743438720703,4401.4599609375
2021-07-28,143.10748291015625,4400.64013671875
2021-07-29,143.75894165039062,4419.14990234375
2021-07-30,143.97608947753906,4395.259765625
2021-08-02,143.6405029296875,4387.16015625
2021-08-03,145.4567413330078,4423.14990234375
2021-08-04,145.05203247070312,4402.66015625
2021-08-05,145.1605987548828,4429.10009765625
2021-08-06,144.46861267089844,4436.52001953125
2021-08-09,144.41917419433594,4432.35009765625
2021-08-10,143.93478393554688,4436.75
2021-08-11,144.1918182373047,4442.41015625
2021-08-12,147.18716430664062,4460.830078125
2021-08-13,147.39476013183594,4468.0
2021-08-16,149.39166259765625,4479.7099609375
2021-08-17,148.47227478027344,4448.080078125
2021-08-18,144.68609619140625,4400.27001953125
2021-08-19,145.02220153808594,4405.7998046875
2021-08-20,146.4951629638672,4441.669921875
2021-08-23,147.99777221679688,4479.52978515625
2021-08-24,147.9088134765625,4486.22998046875
2021-08-25,146.66323852539062,4496.18994140625
2021-08-26,145.8525848388672,4470.0
2021-08-27,146.90049743652344,4509.3701171875
2021-08-30,151.36880493164062,4528.7900390625
2021-08-31,150.0935516357422,4522.68017578125
2021-09-01,150.76573181152344,4524.08984375
2021-09-02,151.89273071289062,4536.9501953125
2021-09-03,152.53529357910156,4535.43017578125
2021-09-07,154.89796447753906,4520.02978515625
2021-09-08,153.3360137939453,4514.06982421875
2021-09-09,152.30792236328125,4493.27978515625
2021-09-10,147.26625061035156,4458.580078125
2021-09-13,147.839599609375,4468.72998046875
2021-09-14,146.4259490966797,4443.0498046875
2021-09-15,147.3255615234375,4480.7001953125
2021-09-16,147.0883026123047,4473.75
2021-09-17,144.3895263671875,4432.990234375
2021-09-20,141.3052215576172,4357.72998046875
2021-09-21,141.78961181640625,4354.18994140625
2021-09-22,144.1819305419922,4395.64013671875
2021-09-23,145.15072631835938,4448.97998046875
2021-09-24,145.2397003173828,4455.47998046875
2021-09-27,143.70741271972656,4443.10986328125
2021-09-28,140.28700256347656,4352.6298828125
2021-09-29,141.19647216796875,4359.4599609375
2021-09-30,139.88168334960938,4307.5400390625
2021-10-01,141.01853942871094,4357.0400390625
2021-10-04,137.54869079589844,4300.4599609375
2021-10-05,139.49615478515625,4345.72021484375
2021-10-06,140.37596130371094,4363.5498046875
2021-10-07,141.65121459960938,4399.759765625
2021-10-08,141.2656707763672,4391.33984375
2021-10-11,141.1767120361328,4361.18994140625
2021-10-12,139.89157104492188,4350.64990234375
2021-10-13,139.29843139648438,4363.7998046875
2021-10-14,142.1158447265625,4438.259765625
2021-10-15,143.18348693847656,4471.3701171875
2021-10-18,144.87391662597656,4486.4599609375
2021-10-19,147.0586395263672,4519.6298828125
2021-10-20,147.5529327392578,4536.18994140625
2021-10-21,147.77040100097656,4549.77978515625
2021-10-22,146.9894561767578,4544.89990234375
2021-10-25,146.9400177001953,4566.47998046875
2021-10-26,147.6122283935547,4574.7900390625
2021-10-27,147.1476287841797,4551.68017578125
2021-10-28,150.82510375976562,4596.419921875
2021-10-29,148.0867156982422,4605.3798828125
2021-11-01,147.25636291503906,4613.669921875
2021-11-02,148.30421447753906,4630.64990234375
2021-11-03,149.7574462890625,4660.56982421875
2021-11-04,149.23350524902344,4680.06005859375
2021-11-05,149.76808166503906,4697.52978515625
2021-11-08,148.9364776611328,4701.7001953125
2021-11-09,149.3028106689453,4685.25
2021-11-10,146.44166564941406,4646.7099609375
2021-11-11,146.39218139648438,4649.27001953125
2021-11-12,148.490966796875,4682.85009765625
2021-11-15,148.50088500976562,4682.7998046875
2021-11-16,149.49090576171875,4700.89990234375
2021-11-17,151.95599365234375,4688.669921875
2021-11-18,156.29220581054688,4704.5400390625
2021-11-19,158.94544982910156,4697.9599609375
2021-11-22,159.41073608398438,4682.93994140625
2021-11-23,159.79685974121094,4690.7001953125
2021-11-24,160.3215789794922,4701.4599609375
2021-11-26,155.24282836914062,4594.6201171875
2021-11-29,158.6385498046875,4655.27001953125
2021-11-30,163.64796447753906,4567.0
2021-12-01,163.12327575683594,4513.0400390625
2021-12-02,162.12335205078125,4577.10009765625
2021-12-03,160.22256469726562,4538.43017578125
2021-12-06,163.66778564453125,4591.669921875
2021-12-07,169.4691925048828,4686.75
2021-12-08,173.33023071289062,4701.2099609375
2021-12-09,172.8154296875,4667.4501953125
2021-12-10,177.65655517578125,4712.02001953125
2021-12-13,173.983642578125,4668.97021484375
2021-12-14,172.58773803710938,4634.08984375
2021-12-15,177.508056640625,4709.85009765625
2021-12-16,170.5384063720703,4668.669921875
2021-12-17,169.42958068847656,4620.64013671875
2021-12-20,168.0535125732422,4568.02001953125
2021-12-21,171.26113891601562,4649.22998046875
2021-12-22,173.88462829589844,4696.56005859375
2021-12-23,174.5182342529297,4725.7900390625
2021-12-27,178.5277862548828,4791.18994140625
2021-12-28,177.49815368652344,4786.35009765625
2021-12-29,177.58724975585938,4793.06005859375
2021-12-30,176.41903686523438,4778.72998046875
2021-12-31,175.79534912109375,4766.18017578125
2022-01-03,180.1909637451172,4796.56005859375
2022-01-04,177.90406799316406,4793.5400390625
2022-01-05,173.1718292236328,4700.580078125
2022-01-06,170.281005859375,4696.0498046875
2022-01-07,170.44932556152344,4677.02978515625
2022-01-10,170.46913146972656,4670.2900390625
2022-01-11,173.33023071289062,4713.06982421875
2022-01-12,173.77574157714844,4726.35009765625
2022-01-13,170.46913146972656,4659.02978515625
2022-01-14,171.34031677246094,4662.85009765625
2022-01-18,168.10299682617188,4577.10986328125
2022-01-19,164.5686798095703,4532.759765625
2022-01-20,162.8658905029297,4482.72998046875
2022-01-21,160.78688049316406,4397.93994140625
2022-01-24,160.00473022460938,4410.1298828125
2022-01-25,158.18313598632812,4356.4501953125
2022-01-26,158.09402465820312,4349.93017578125
2022-01-27,157.6287384033203,4326.509765625
2022-01-28,168.62771606445312,4431.85009765625
2022-01-31,173.03323364257812,4515.5498046875
2022-02-01,172.86495971679688,4546.5400390625
2022-02-02,174.08265686035156,4589.3798828125
2022-02-03,171.17202758789062,4477.43994140625
2022-02-04,170.88453674316406,4500.52978515625
2022-02-07,170.16091918945312,4483.8701171875
2022-02-08,173.3032684326172,4521.5400390625
2022-02-09,174.74058532714844,4587.18017578125
2022-02-10,170.6168975830078,4504.080078125
2022-02-11,167.1672821044922,4418.64013671875
2022-02-14,167.40521240234375,4401.669921875
2022-02-15,171.28106689453125,4471.06982421875
2022-02-16,171.04318237304688,4475.009765625
2022-02-17,167.40521240234375,4380.259765625
2022-02-18,165.83901977539062,4348.8701171875
2022-02-22,162.88504028320312,4304.759765625
2022-02-23,158.67214965820312,4225.5
2022-02-24,161.31884765625,4288.7001953125
2022-02-25,163.410400390625,4384.64990234375
2022-02-28,163.6780548095703,4373.93994140625
2022-03-01,161.77479553222656,4306.259765625
2022-03-02,165.10545349121094,4386.5400390625
2022-03-03,164.77835083007812,4363.490234375
2022-03-04,161.74508666992188,4328.8701171875
2022-03-07,157.90887451171875,4201.08984375
2022-03-08,156.0651092529297,4170.7001953125
2022-03-09,161.52700805664062,4277.8798828125
2022-03-10,157.13568115234375,4259.52001953125
2022-03-11,153.3787841796875,4204.31005859375
2022-03-14,149.30465698242188,4173.10986328125
2022-03-15,153.73562622070312,4262.4501953125
2022-03-16,158.19631958007812,4357.85986328125
2022-03-17,159.2173309326172,4411.669921875
2022-03-18,162.54800415039062,4463.1201171875
2022-03-21,163.935791015625,4461.18017578125
2022-03-22,167.34573364257812,4511.60986328125
2022-03-23,168.72360229492188,4456.240234375
2022-03-24,172.54989624023438,4520.16015625
2022-03-25,173.1942138671875,4543.06005859375
2022-03-28,174.0665283203125,4575.52001953125
2022-03-29,177.39720153808594,4631.60009765625
2022-03-30,176.2175750732422,4602.4501953125
2022-03-31,173.08518981933594,4530.41015625
2022-04-01,172.7877960205078,4545.85986328125
2022-04-04,176.88172912597656,4582.64013671875
2022-04-05,173.53123474121094,4525.1201171875
2022-04-06,170.32943725585938,4481.14990234375
2022-04-07,170.63673400878906,4500.2099609375
2022-04-08,168.60462951660156,4488.27978515625
2022-04-11,164.30255126953125,4412.52978515625
2022-04-12,166.1958770751953,4397.4501953125
2022-04-13,168.91192626953125,4446.58984375
2022-04-14,163.8465576171875,4392.58984375
2022-04-18,163.62847900390625,4391.68994140625
2022-04-19,165.9381103515625,4462.2099609375
2022-04-20,165.7696075439453,4459.4501953125
2022-04-21,164.96669006347656,4393.66015625
2022-04-22,160.3771209716797,4271.77978515625
2022-04-25,161.45761108398438,4296.1201171875
2022-04-26,155.43072509765625,4175.2001953125
2022-04-27,155.20272827148438,4183.9599609375
2022-04-28,162.2109832763672,4287.5
2022-04-29,156.2732696533203,4131.93017578125
2022-05-02,156.58059692382812,4155.3798828125
2022-05-03,158.0872802734375,4175.47998046875
2022-05-04,164.5701904296875,4300.169921875
2022-05-05,155.40093994140625,4146.8701171875
2022-05-06,156.1355743408203,4123.33984375
2022-05-09,150.95355224609375,3991.239990234375
2022-05-10,153.3857421875,4001.050048828125
2022-05-11,145.43402099609375,3935.179931640625
2022-05-12,141.52268981933594,3930.080078125
2022-05-13,146.03958129882812,4023.889892578125
2022-05-16,144.4810028076172,4008.010009765625
2022-05-17,148.15406799316406,4088.85009765625
2022-05-18,139.79534912109375,3923.679931640625
2022-05-19,136.35060119628906,3900.7900390625
2022-05-20,136.58883666992188,3901.360107421875
2022-05-23,142.06869506835938,3973.75
2022-05-24,139.3386993408203,3941.47998046875
2022-05-25,139.49754333496094,3978.72998046875
2022-05-26,142.7338104248047,4057.840087890625
2022-05-27,148.55116271972656,4158.240234375
2022-05-31,147.75698852539062,4132.14990234375
2022-06-01,147.62794494628906,4101.22998046875
2022-06-02,150.10975646972656,4176.81982421875
2022-06-03,144.32217407226562,4108.5400390625
2022-06-06,145.07662963867188,4121.43017578125
2022-06-07,147.62794494628906,4160.68017578125
2022-06-08,146.88340759277344,4115.77001953125
2022-06-09,141.6020965576172,4017.820068359375
2022-06-10,136.1322021484375,3900.860107421875
2022-06-13,130.92041015625,3749.6298828125
2022-06-14,131.79397583007812,3735.47998046875
2022-06-15,134.44454956054688,3789.989990234375
2022-06-16,129.11363220214844,3666.77001953125
2022-06-17,130.6027374267578,3674.840087890625
2022-06-21,134.88134765625,3764.7900390625
2022-06-22,134.36512756347656,3759.889892578125
2022-06-23,137.26390075683594,3795.72998046875
2022-06-24,140.62924194335938,3911.739990234375
2022-06-27,140.62924194335938,3900.110107421875
2022-06-28,136.43994140625,3821.550048828125
2022-06-29,138.21693420410156,3818.830078125
2022-06-30,135.72518920898438,3785.3798828125
2022-07-01,137.91908264160156,3825.330078125
2022-07-05,140.5299530029297,3831.389892578125
2022-07-06,141.8800506591797,3845.080078125
2022-07-07,145.2851104736328,3902.6201171875
2022-07-08,145.97007751464844,3899.3798828125
2022-07-11,143.8158721923828,3854.429931640625
2022-07-12,144.79867553710938,3818.800048828125
2022-07-13,144.43136596679688,3801.780029296875
2022-07-14,147.38967895507812,3790.3798828125
2022-07-15,149.0773162841797,3863.159912109375
2022-07-18,145.99986267089844,3830.85009765625
2022-07-19,149.9012908935547,3936.68994140625
2022-07-20,151.92642211914062,3959.89990234375
2022-07-21,154.21963500976562,3998.949951171875
2022-07-22,152.9687957763672,3961.6298828125
2022-07-25,151.83709716796875,3966.840087890625
2022-07-26,150.49693298339844,3921.050048828125
2022-07-27,155.6491241455078,4023.610107421875
2022-07-28,156.205078125,4072.429931640625
2022-07-29,161.3275146484375,4130.2900390625
2022-08-01,160.3347930908203,4118.6298828125
2022-08-02,158.845703125,4091.18994140625
2022-08-03,164.92117309570312,4155.169921875
2022-08-04,164.603515625,4151.93994140625
2022-08-05,164.3748779296875,4145.18994140625
2022-08-08,163.89768981933594,4140.06005859375
2022-08-09,163.94740295410156,4122.47021484375
2022-08-10,168.24192810058594,4210.240234375
2022-08-11,167.49635314941406,4207.27001953125
2022-08-12,171.08505249023438,4280.14990234375
2022-08-15,172.1686248779297,4297.14013671875
2022-08-16,172.00958251953125,4305.2001953125
2022-08-17,173.52061462402344,4274.0400390625
2022-08-18,173.12295532226562,4283.740234375
2022-08-19,170.5084686279297,4228.47998046875
2022-08-22,166.581787109375,4137.990234375
2022-08-23,166.2437744140625,4128.72998046875
2022-08-24,166.54200744628906,4140.77001953125
2022-08-25,169.02725219726562,4199.1201171875
2022-08-26,162.65505981445312,4057.659912109375
2022-08-29,160.4282684326172,4030.610107421875
2022-08-30,157.9728546142578,3986.159912109375
2022-08-31,156.29281616210938,3955.0
2022-09-01,157.02845764160156,3966.85009765625
2022-09-02,154.89111328125,3924.260009765625
2022-09-06,153.61868286132812,3908.18994140625
2022-09-07,155.0402374267578,3979.8701171875
2022-09-08,153.54908752441406,4006.179931640625
2022-09-09,156.44190979003906,4067.360107421875
2022-09-12,162.4661865234375,4110.41015625
2022-09-13,152.9327392578125,3932.68994140625
2022-09-14,154.39405822753906,3946.010009765625
2022-09-15,151.47142028808594,3901.35009765625
2022-09-16,149.81126403808594,3873.330078125
2022-09-19,153.56895446777344,3899.889892578125
2022-09-20,155.97470092773438,3855.929931640625
2022-09-21,152.81344604492188,3789.929931640625
2022-09-22,151.8392333984375,3757.989990234375
2022-09-23,149.5428466796875,3693.22998046875
2022-09-26,149.88087463378906,3655.0400390625
2022-09-27,150.86502075195312,3647.2900390625
2022-09-28,148.95632934570312,3719.0400390625
2022-09-29,141.63973999023438,3640.469970703125
2022-09-30,137.38497924804688,3585.6201171875
2022-10-03,141.60992431640625,3678.429931640625
2022-10-04,145.2384033203125,3790.929931640625
2022-10-05,145.53662109375,3783.280029296875
2022-10-06,144.5723419189453,3744.52001953125
2022-10-07,139.26382446289062,3639.659912109375
2022-10-10,139.59188842773438,3612.389892578125
2022-10-11,138.16036987304688,3588.840087890625
2022-10-12,137.52413940429688,3577.030029296875
2022-10-13,142.14674377441406,3669.909912109375
2022-10-14,137.5639190673828,3583.070068359375
2022-10-17,141.5701446533203,3677.949951171875
2022-10-18,142.90223693847656,3719.97998046875
2022-10-19,143.0115966796875,3695.159912109375
2022-10-20,142.54437255859375,3665.780029296875
2022-10-21,146.4014892578125,3752.75
2022-10-24,148.56863403320312,3797.340087890625
2022-10-25,151.4416046142578,3859.110107421875
2022-10-26,148.46922302246094,3830.60009765625
2022-10-27,143.94606018066406,3807.300048828125
2022-10-28,154.82154846191406,3901.06005859375
2022-10-31,152.43569946289062,3871.97998046875
2022-11-01,149.7615509033203,3856.10009765625
2022-11-02,144.17469787597656,3759.68994140625
2022-11-03,138.0609588623047,3719.889892578125
2022-11-04,137.7921142578125,3770.550048828125
2022-11-07,138.32981872558594,3806.800048828125
2022-11-08,138.90736389160156,3828.110107421875
2022-11-09,134.29702758789062,3748.570068359375
2022-11-10,146.24603271484375,3956.3701171875
2022-11-11,149.0640106201172,3992.929931640625
2022-11-14,147.65005493164062,3957.25
2022-11-15,149.40257263183594,3991.72998046875
2022-11-16,148.1578826904297,3958.7900390625
2022-11-17,150.07969665527344,3946.56005859375
2022-11-18,150.64727783203125,3965.340087890625
2022-11-21,147.38119506835938,3949.93994140625
2022-11-22,149.54197692871094,4003.580078125
2022-11-23,150.42820739746094,4027.260009765625
2022-11-25,147.48077392578125,4026.1201171875
2022-11-28,143.60731506347656,3963.93994140625
2022-11-29,140.5702667236328,3957.6298828125
2022-11-30,147.40110778808594,4080.110107421875
2022-12-01,147.679931640625,4076.570068359375
2022-12-02,147.1820526123047,4071.699951171875
2022-12-05,146.007080078125,3998.840087890625
2022-12-06,142.30287170410156,3941.260009765625
2022-12-07,140.34124755859375,3933.919921875
2022-12-08,142.04397583007812,3963.510009765625
2022-12-09,141.5560760498047,3934.3798828125
2022-12-12,143.87615966796875,3990.56005859375
2022-12-13,144.8520050048828,4019.64990234375
2022-12-14,142.6016082763672,3995.320068359375
2022-12-15,135.9200897216797,3895.75
2022-12-16,133.9385528564453,3852.360107421875
2022-12-19,131.80764770507812,3817.659912109375
2022-12-20,131.73794555664062,3821.6201171875
2022-12-21,134.8745574951172,3878.43994140625
2022-12-22,131.66824340820312,3822.389892578125
2022-12-23,131.29981994628906,3844.820068359375
2022-12-27,129.4775848388672,3829.25
2022-12-28,125.50454711914062,3783.219970703125
2022-12-29,129.0593719482422,3849.280029296875
2022-12-30,129.3780059814453,3839.5
2023-01-03,124.53865814208984,3824.139892578125
2023-01-04,125.82318878173828,3852.969970703125
2023-01-05,124.4888687133789,3808.10009765625
2023-01-06,129.0693359375,3895.080078125
2023-01-09,129.59707641601562,3892.090087890625
2023-01-10,130.17462158203125,3919.25
2023-01-11,132.9228973388672,3969.610107421875
2023-01-12,132.84324645996094,3983.169921875
2023-01-13,134.1875,3999.090087890625
2023-01-17,135.36248779296875,3990.969970703125
2023-01-18,134.63558959960938,3928.860107421875
2023-01-19,134.69534301757812,3898.85009765625
2023-01-20,137.28428649902344,3972.610107421875
2023-01-23,140.51052856445312,4019.81005859375
2023-01-24,141.9244842529297,4016.949951171875
2023-01-25,141.25733947753906,4016.219970703125
2023-01-26,143.34841918945312,4060.429931640625
2023-01-27,145.31002807617188,4070.56005859375
2023-01-30,142.3925018310547,4017.77001953125
2023-01-31,143.677001953125,4076.60009765625
2023-02-01,144.81214904785156,4119.2099609375
2023-02-02,150.1792755126953,4179.759765625
2023-02-03,153.8436279296875,4136.47998046875
2023-02-06,151.0854034423828,4111.080078125
2023-02-07,153.9929962158203,4164.0
2023-02-08,151.27459716796875,4117.85986328125
2023-02-09,150.22906494140625,4081.5
2023-02-10,150.59803771972656,4090.4599609375
2023-02-13,153.43031311035156,4137.2900390625
2023-02-14,152.78207397460938,4136.1298828125
2023-02-15,154.90626525878906,4147.60009765625
2023-02-16,153.2906951904297,4090.409912109375
2023-02-17,152.13385009765625,4079.090087890625
2023-02-21,148.074951171875,3997.340087890625
2023-02-22,148.5037841796875,3991.050048828125
2023-02-23,148.992431640625,4012.320068359375
2023-02-24,146.30978393554688,3970.0400390625
2023-02-27,147.5164794921875,3982.239990234375
2023-02-28,147.00787353515625,3970.14990234375
2023-03-01,144.91358947753906,3951.389892578125
2023-03-02,145.511962890625,3981.35009765625
2023-03-03,150.6179962158203,4045.639892578125
2023-03-06,153.4103546142578,4048.419921875
2023-03-07,151.1864471435547,3986.3701171875
2023-03-08,152.45297241210938,3992.010009765625
2023-03-09,150.17918395996094,3918.320068359375
2023-03-10,148.0948944091797,3861.590087890625
2023-03-13,150.0595245361328,3855.760009765625
2023-03-14,152.17373657226562,3919.2900390625
2023-03-15,152.57266235351562,3891.929931640625
2023-03-16,155.4248504638672,3960.280029296875
2023-03-17,154.57716369628906,3916.639892578125
2023-03-20,156.97061157226562,3951.570068359375
2023-03-21,158.84547424316406,4002.8701171875
2023-03-22,157.39944458007812,3936.969970703125
2023-03-23,158.49642944335938,3948.719970703125
2023-03-24,159.81285095214844,3970.989990234375
2023-03-27,157.8482208251953,3977.530029296875
2023-03-28,157.2199249267578,3971.27001953125
2023-03-29,160.33143615722656,4027.81005859375
2023-03-30,161.91709899902344,4050.830078125
2023-03-31,164.4501495361328,4109.31005859375
2023-04-03,165.71669006347656,4124.509765625
2023-04-04,165.1781768798828,4100.60009765625
2023-04-05,163.31326293945312,4090.3798828125
2023-04-06,164.2108154296875,4105.02001953125
2023-04-10,161.58798217773438,4109.10986328125
2023-04-11,160.36134338378906,4108.93994140625
2023-04-12,159.6632537841797,4091.949951171875
2023-04-13,165.1083526611328,4146.22021484375
2023-04-14,164.7593231201172,4137.64013671875
2023-04-17,164.7792510986328,4151.31982421875
2023-04-18,166.01588439941406,4154.8701171875
2023-04-19,167.1727294921875,4154.52001953125
2023-04-20,166.19537353515625,4129.7900390625
2023-04-21,164.56983947753906,4133.52001953125
2023-04-24,164.8789825439453,4137.0400390625
2023-04-25,163.3232421875,4071.6298828125
2023-04-26,163.31326293945312,4055.989990234375
2023-04-27,167.95059204101562,4135.35009765625
2023-04-28,169.2171173095703,4169.47998046875
2023-05-01,169.1273651123047,4167.8701171875
2023-05-02,168.08021545410156,4119.580078125
2023-05-03,166.99319458007812,4090.75
2023-05-04,165.3377227783203,4061.219970703125
2023-05-05,173.0965118408203,4136.25
2023-05-08,173.0266876220703,4138.1201171875
2023-05-09,171.30142211914062,4119.169921875
2023-05-10,173.08653259277344,4137.64013671875
2023-05-11,173.27601623535156,4130.6201171875
2023-05-12,172.3372802734375,4124.080078125
2023-05-15,171.8379669189453,4136.27978515625
2023-05-16,171.8379669189453,4109.89990234375
2023-05-17,172.45712280273438,4158.77001953125
2023-05-18,174.81393432617188,4198.0498046875
2023-05-19,174.92379760742188,4191.97998046875
2023-05-22,173.96507263183594,4192.6298828125
2023-05-23,171.32864379882812,4145.580078125
2023-05-24,171.60826110839844,4115.240234375
2023-05-25,172.7567138671875,4151.27978515625
2023-05-26,175.19342041015625,4205.4501953125
2023-05-30,177.06089782714844,4205.52001953125
2023-05-31,177.01097106933594,4179.830078125
2023-06-01,179.84713745117188,4221.02001953125
2023-06-02,180.7059783935547,4282.3701171875
2023-06-05,179.33782958984375,4273.7900390625
2023-06-06,178.9683380126953,4283.85009765625
2023-06-07,177.5802001953125,4267.52001953125
2023-06-08,180.3264923095703,4293.93017578125
2023-06-09,180.71597290039062,4298.85986328125
2023-06-12,183.54214477539062,4338.93017578125
2023-06-13,183.0627899169922,4369.009765625
2023-06-14,183.70193481445312,4372.58984375
2023-06-15,185.7591552734375,4425.83984375
2023-06-16,184.67062377929688,4409.58984375
2023-06-20,184.760498046875,4388.7099609375
2023-06-21,183.71192932128906,4365.68994140625
2023-06-22,186.74781799316406,4381.89013671875
2023-06-23,186.42823791503906,4348.330078125
2023-06-26,185.02015686035156,4328.81982421875
2023-06-27,187.80638122558594,4378.41015625
2023-06-28,188.99478149414062,4376.85986328125
2023-06-29,189.33432006835938,4396.43994140625
2023-06-30,193.7084197998047,4450.3798828125
2023-07-03,192.20046997070312,4455.58984375
2023-07-05,191.0719757080078,4446.81982421875
2023-07-06,191.55133056640625,4411.58984375
2023-07-07,190.4228515625,4398.9501953125
2023-07-10,188.35565185546875,4409.52978515625
2023-07-11,187.8263702392578,4439.259765625
2023-07-12,189.5140838623047,4472.16015625
2023-07-13,190.2830352783203,4510.0400390625
2023-07-14,190.43284606933594,4505.419921875
2023-07-17,193.7283935546875,4522.7900390625
2023-07-18,193.46873474121094,4554.97998046875
2023-07-19,194.83689880371094,4565.72021484375
2023-07-20,192.8695526123047,4534.8701171875
2023-07-21,191.68116760253906,4536.33984375
2023-07-24,192.4900665283203,4554.64013671875
2023-07-25,193.35888671875,4567.4599609375
2023-07-26,194.23770141601562,4566.75
2023-07-27,192.9594268798828,4537.41015625
2023-07-28,195.56591796875,4582.22998046875
2023-07-31,196.18507385253906,4588.9599609375
2023-08-01,195.34620666503906,4576.72998046875
2023-08-02,192.32029724121094,4513.39013671875
2023-08-03,190.91220092773438,4501.89013671875
2023-08-04,181.7445831298828,4478.02978515625
2023-08-07,178.6088104248047,4518.43994140625
2023-08-08,179.55752563476562,4499.3798828125
2023-08-09,177.94970703125,4467.7099609375
2023-08-10,177.72999572753906,4468.830078125
2023-08-11,177.7899932861328,4464.0498046875
2023-08-14,179.4600067138672,4489.72021484375
2023-08-15,177.4499969482422,4437.85986328125
2023-08-16,176.57000732421875,4404.330078125
2023-08-17,174.0,4370.35986328125
2023-08-18,174.49000549316406,4369.7099609375
2023-08-21,175.83999633789062,4399.77001953125
2023-08-22,177.22999572753906,4387.5498046875
2023-08-23,181.1199951171875,4436.009765625
2023-08-24,176.3800048828125,4376.31005859375
2023-08-25,178.61000061035156,4405.7099609375
2023-08-28,180.19000244140625,4433.31005859375
2023-08-29,184.1199951171875,4497.6298828125
2023-08-30,187.64999389648438,4514.8701171875
2023-08-31,187.8699951171875,4507.66015625
2023-09-01,189.4600067138672,4515.77001953125
2023-09-05,189.6999969482422,4496.830078125
2023-09-06,182.91000366210938,4465.47998046875
2023-09-07,177.55999755859375,4451.14013671875
2023-09-08,178.17999267578125,4457.490234375
2023-09-11,179.36000061035156,4487.4599609375
2023-09-12,176.3000030517578,4461.89990234375
2023-09-13,174.2100067138672,4467.43994140625
2023-09-14,175.74000549316406,4505.10009765625
2023-09-15,175.00999450683594,4450.31982421875
2023-09-18,177.97000122070312,4453.52978515625
2023-09-19,179.07000732421875,4443.9501953125
2023-09-20,175.49000549316406,4402.2001953125
2023-09-21,173.92999267578125,4330.0
2023-09-22,174.7899932861328,4320.06005859375
2023-09-25,176.0800018310547,4337.43994140625
2023-09-26,171.9600067138672,4273.52978515625
2023-09-27,170.42999267578125,4274.509765625
2023-09-28,170.69000244140625,4299.7001953125
2023-09-29,171.2100067138672,4288.0498046875
2023-10-02,173.75,4288.39013671875
2023-10-03,172.39999389648438,4229.4501953125
2023-10-04,173.66000366210938,4263.75
2023-10-05,174.91000366210938,4258.18994140625
2023-10-06,177.49000549316406,4308.5
2023-10-09,178.99000549316406,4335.66015625
2023-10-10,178.38999938964844,4358.240234375
2023-10-11,179.8000030517578,4376.9501953125
2023-10-12,180.7100067138672,4349.60986328125
2023-10-13,178.85000610351562,4327.77978515625
2023-10-16,178.72000122070312,4373.6298828125
2023-10-17,177.14999389648438,4373.2001953125
2023-10-18,175.83999633789062,4314.60009765625
2023-10-19,175.4600067138672,4278.0
2023-10-20,172.8800048828125,4224.16015625
2023-10-23,173.0,4217.0400390625
2023-10-24,173.44000244140625,4247.68017578125
2023-10-25,171.10000610351562,4186.77001953125
2023-10-26,166.88999938964844,4137.22998046875
2023-10-27,168.22000122070312,4117.3701171875
2023-10-30,170.2899932861328,4166.81982421875
2023-10-31,170.77000427246094,4193.7998046875
2023-11-01,173.97000122070312,4237.85986328125
2023-11-02,177.57000732421875,4317.77978515625
2023-11-03,176.64999389648438,4358.33984375
2023-11-06,179.22999572753906,4365.97998046875
2023-11-07,181.82000732421875,4378.3798828125
